Timestamp_UTC,EpochTime,Tag1,Tag2,Tag3,Tag4,Tag5,Tag6,Tag7,Tag8,Tag9,Tag10
2026-02-11 16:51:49,1770808909,33.13048064064472,87.9577682134994,74.8720428129922,86.86719870104642,34.33903528560111,88.5005500713287,95.57618298646297,75.03687070951813,19.031365107700722,90.63741454514862
2026-02-11 16:52:49,1770808969,62.633390048985824,15.357737293389594,72.04013701854771,16.89672494997488,72.23550083335272,55.1453008368895,90.00000526155993,16.916860174209816,59.341733091777684,46.93317284912381
2026-02-11 16:53:49,1770809029,94.97190859644215,59.86083083213575,50.144364645492985,19.353987411053446,74.16601433508546,89.08977887541751,67.32258157646956,82.98361165603818,87.28171922655264,64.2291400688112
2026-02-11 16:54:49,1770809089,11.505142691811994,95.32990402853208,22.53394856747536,26.104090769258864,63.07104651243845,66.29201835857941,27.226507633137448,76.64613316902958,50.412308660788156,37.379616438529055
2026-02-11 16:55:49,1770809149,36.19239658679116,97.0473519874164,42.249988754621455,39.54231630635153,88.56055118903276,86.79348149918057,86.78475759592575,51.44042734319381,32.95305768122671,29.560524972261756
2026-02-11 16:56:49,1770809209,12.519109425047638,56.511722165775225,73.2281921228968,67.13246987686412,94.51151038952287,73.32803196284888,51.443268709990946,45.09401340014133,31.94314160615115,35.017200751125685
2026-02-11 16:57:49,1770809269,81.1560994759575,27.198392425730468,39.05589756776355,42.4369821746189,23.237769349596995,28.651657617969192,37.09074848230245,15.474726228351075,23.79275928842373,89.65260384200128
2026-02-11 16:58:49,1770809329,49.175113250429256,58.78919459822531,65.14518390055426,22.548661782570424,94.73310499595891,82.86563437653591,13.944782745548126,30.157890149872692,98.92845033756089,86.45157523888456
2026-02-11 16:59:49,1770809389,74.72973016764723,18.773772891343285,58.444387484479,47.18796940200146,39.12225630460395,11.728122705061502,81.14849673785709,39.956737073723716,12.846044757455951,64.67241196031898
